Familial_Cancer_Genes_Syndrome	1000Genome_CS	alt_allele	HGNC_Ensembl ID(supplied by Ensembl)	annotation_transcript	dbNSFP_MutationTaster_converted_rankscore	HGNC_Entrez Gene ID(supplied by NCBI)	dbNSFP_MutationAssessor_pred	HGNC_Ensembl Gene ID	dbNSFP_phyloP46way_placental_rankscore	ESP_TotalEAsamplesCovered	dbNSFP_phastCons46way_placental	dbNSFP_FATHMM_rankscore	dbNSFP_Polyphen2_HDIV_pred	ESP_GWAS_PUBMED	1000Genome_CIPOS	dbNSFP_SIFT_pred	dbNSFP_MutationTaster_score	dbNSFP_fold-degenerate	codon_change	HGNC_VEGA IDs	dbNSFP_phyloP46way_placental	dbSNP_Val_Status	UniProt_uniprot_accession	HGNC_Locus Type	HGNC_Secondary IDs	other_transcripts	UniProt_DrugBank	gencode_xref_refseq_mRNA_id	ESP_AA_GTC	HGNC_RefSeq IDs	1000Genome_SAS_AF	COSMIC_overlapping_mutation_descriptions	CCLE_By_Gene_total_mutations_in_gene	dbNSFP_Ancestral_allele	dbNSFP_CADD_phred	Strand	variant_classification	dbNSFP_codonpos	ESP_EA_AGE	ESP_AvgEAsampleReadDepth	dbNSFP_Uniprot_acc	dbNSFP_ESP6500_AA_AF	secondary_variant_classification	HGNC_Pubmed IDs	CGC_Tumour Types (Germline Mutations)	HumanDNARepairGenes_Role	dbNSFP_Polyphen2_HVAR_score	gencode_transcript_name	HGNC_Date Name Changed	1000Genome_SVLEN	dbNSFP_Polyphen2_HVAR_rankscore	ClinVar_SYM	ESP_Chromosome	strand	1000Genome_AFR_AF	CCLE_By_GP_overlapping_mutations	dbNSFP_SIFT_score	dbNSFP_phastCons46way_primate	ESP_FG	HGNC_HGNC ID	dbNSFP_1000Gp1_AMR_AC	ESP_PP	TUMORScape_Deletion_Peaks	ESP_AA	Ensembl_so_accession	HGNC_OMIM ID(supplied by NCBI)	ESP_PH	dbNSFP_1000Gp1_AMR_AF	gene_type	COSMIC_overlapping_primary_sites	ESP_TotalAAsamplesCovered	dbNSFP_MutationTaster_pred	ORegAnno_ID	dbNSFP_phastCons100way_vertebrate	ESP_MAF	dbNSFP_Polyphen2_HVAR_pred	HGNC_Gene family description	ESP_TotalSamplesCovered	CGC_Mutation Type	dbNSFP_SiPhy_29way_pi	CGC_Cancer Germline Mut	ORegAnno_bin	TCGAScape_Deletion_Peaks	MutSig Published Results_Published_Results	ACHILLES_Lineage_Results_Top_Genes	gencode_transcript_status	dbNSFP_Ensembl_transcriptid	COSMIC_FusionGenes_fusion_genes	ref_context	dbNSFP_FATHMM_pred	HGNC_Previous Symbols	1000Genome_SVTYPE	Familial_Cancer_Genes_Synonym	Familial_Cancer_Genes_Reference	HGVS_coding_DNA_change	chr	UniProt_AA_region	dbNSFP_Ensembl_geneid	dbNSFP_phyloP46way_primate_rankscore	dbNSFP_genename	COSMIC_Tissue_tissue_types_affected	HGVS_protein_change	transcript_strand	dbNSFP_phastCons100way_vertebrate_rankscore	1000Genome_CIEND	dbNSFP_refcodon	HGNC_Chromosome	UniProt_alt_uniprot_accessions	HGNC_Name Synonyms	genome_change	UniProt_AA_natural_variation	ESP_AA_AGE	1000Genome_MEND	dbNSFP_1000Gp1_AFR_AC	ESP_EXOME_CHIP	gene_id	ESP_TAC	dbNSFP_phastCons46way_placental_rankscore	dbNSFP_CADD_raw_rankscore	dbNSFP_GERP++_NR	dbNSFP_LR_rankscore	dbNSFP_aapos_SIFT	ClinVar_TYPE	ESP_CA	dbNSFP_LRT_converted_rankscore	CGC_Cancer Molecular Genetics	dbNSFP_SLR_test_statistic	CGC_GeneID	ESP_CG	dbNSFP_GERP++_RS_rankscore	dbNSFP_1000Gp1_ASN_AC	dbNSFP_SIFT_converted_rankscore	dbNSFP_1000Gp1_ASN_AF	ESP_CP	UniProt_GO_Molecular_Function	dbNSFP_MutationAssessor_score	HGNC_Date Symbol Changed	1000Genome_MC	NCBI_Build	HGNC_Record Type	1000Genome_EUR_AF	dbNSFP_1000Gp1_AFR_AF	dbNSFP_SiPhy_29way_logOdds	ESP_EA_AC	UniProt_AA_experimental_info	UniProt_GO_Biological_Process	ESP_GTC	dbNSFP_CADD_raw	1000Genome_MLEN	COSMIC_overlapping_mutation_AAs	CGC_Other Syndrome/Disease	HGNC_CCDS IDs	ref_allele	dbNSFP_Polyphen2_HDIV_rankscore	ESP_GTS	HGNC_Accession Numbers	UniProt_GO_Cellular_Component	ESP_DP	dbNSFP_MutationAssessor_rankscore	1000Genome_NS	dbNSFP_GERP++_RS	dbSNP_RS	CGC_Cancer Syndrome	transcript_position	dbNSFP_Uniprot_aapos	dbNSFP_1000Gp1_EUR_AC	ClinVar_ASSEMBLY	HGNC_Previous Names	dbNSFP_SiPhy_29way_logOdds_rankscore	dbNSFP_hg18_pos(1-coor)	dbNSFP_cds_strand	ESP_AAC	UniProt_AAxform_aapos	HGNC_Synonyms	dbNSFP_1000Gp1_AC	COSMIC_Tissue_total_alterations_in_gene	HGNC_RefSeq(supplied by NCBI)	dbNSFP_Polyphen2_HDIV_score	transcript_exon	dbNSFP_1000Gp1_EUR_AF	dbNSFP_phyloP46way_primate	transcript_id	CGC_Tissue Type	1000Genome_DP	1000Genome_END	HGNC_UCSC ID(supplied by UCSC)	CGC_Chr Band	CGC_Tumour Types  (Somatic Mutations)	HGNC_Entrez Gene ID	ESP_DBSNP	ESP_CDP	dbNSFP_LR_score	ClinVar_HGMD_ID	protein_change	dbNSFP_Interpro_domain	COSMIC_n_overlapping_mutations	UniProt_AA_site	dbNSFP_LR_pred	CGC_Other Germline Mut	ESP_AvgAAsampleReadDepth	dbNSFP_UniSNP_ids	gc_content	HGVS_genomic_change	dbNSFP_aapos_FATHMM	gencode_transcript_type	dbNSFP_LRT_score	CGC_Name	gencode_transcript_tags	CGC_Translocation Partner	ESP_EA_GTC	ORegAnno_Values	dbNSFP_aapos	ESP_AA_AC	dbNSFP_1000Gp1_AF	dbNSFP_aaalt	1000Genome_AA	1000Genome_MSTART	dbNSFP_LRT_Omega	1000Genome_AN	CGC_Cancer Somatic Mut	UniProt_uniprot_entry_name	1000Genome_AC	HGNC_Approved Name	CGC_Chr	dbNSFP_Uniprot_id	1000Genome_AF	dbNSFP_phyloP100way_vertebrate_rankscore	end	TCGAScape_Amplification_Peaks	dbNSFP_phyloP100way_vertebrate	1000Genome_EAS_AF	variant_type	ClinVar_rs	ccds_id	build	dbNSFP_LRT_pred	1000Genome_MEINFO	1000Genome_IMPRECISE	start	dbNSFP_RadialSVM_score	HGNC_Enzyme IDs	dbNSFP_Reliability_index	Ensembl_so_term	dbNSFP_RadialSVM_pred	HGNC_Status	dbNSFP_ESP6500_EA_AF	ESP_AvgSampleReadDepth	1000Genome_TSD	transcript_change	HGNC_Date Modified	havana_transcript	HGNC_UniProt ID(supplied by UniProt)	1000Genome_AMR_AF	dbNSFP_FATHMM_score	gene	ESP_Position	dbNSFP_phastCons46way_primate_rankscore	TUMORScape_Amplification_Peaks	dbNSFP_RadialSVM_rankscore	ESP_GS	ESP_GL	ESP_GM	HGNC_Locus Group	gencode_xref_refseq_prot_acc	dbNSFP_aaref	HGNC_Primary IDs
		A	ENSG00000124343	ENST00000381174.5	0.80722	7499	L	ENSG00000124343	0.07809	4299	0.001000	0.25085	B;B		,	T	0.0	0	c.(178-180)Gac>Aac	OTTHUMG00000021075	-0.387000	byFrequency	P55808	gene with protein product		XG_ENST00000419513.2_Missense_Mutation_p.D60N|XG_ENST00000426774.1_Missense_Mutation_p.D60N			3,97,18,1532,553	NM_175569	0.0133			G	0.004	+	Missense_Mutation	1		97.0	P55808;P55808-3	0.031551		8054981			0.001;0.0	XG-001	2006-01-12		0.04013		X	+	0.0038		1	0.244000	missense,missense,missense	12806	14	60/196,60/182,60/181	all_cancers(21;9e-05)|all_epithelial(21;6.22e-06)|all_lung(23;0.000597)|Lung NSC(23;0.00901)|Lung SC(21;0.186)	G	SO:0001583	300879	benign,benign,benign	0.041176470588235294	protein_coding		2203	P		0.000000	14.2114,3.1551,10.1969	B;B	"""Blood group antigens"", ""Pseudoautosomal regions / PAR1"""	6502		0.2335:0.0:0.7665:0.0						KNOWN	ENST00000381174;ENST00000419513;ENST00000426774;ENST00000509484		CGAGAATCCCGACAGCGGTGG	T;T;T;T	PBDX				ENST00000381174.5:c.178G>A	X		ENSG00000124343	0.01671	XG	endometrium(1)|large_intestine(3)|lung(3)|ovary(1)	ENSP00000370566:p.Asp60Asn	+	0.05858	,	GAC	Xp22.32	E9PCH1|Q496N8|Q496N9|Q496P0|Q71BZ5		g.chrX:2700157G>A	D -> N (in dbSNP:rs5939319). {ECO:0000269|PubMed:15489334}.			4	yes		1077,9485	0.08648	0.00229	1.14	0.00109	ENSP00000370566:D60N			0.12877		.		0.2	0.14883	0	0.02654	0.0	0.0		1.355			hg19	Standard	0.1054	0.00819672131147541	5.74	956,5771			58,673,288,3329,2154	-2.328834				CCDS14120.1, CCDS48073.1	G	0.10296	AA,AG,A,GG,G	AF380356	integral component of plasma membrane (GO:0005887)	102	0.43152	2504	0.15	rs5939319		403	60;60	52		"""Xg blood group (pseudoautosomal boundary-divided on the X chromosome)"""	0.18087	2710157	+	ASN/ASP,ASN/ASP,ASN/ASP	60		110	8	NM_175569	0.003;0.001	4	0.07407407407407407	-1.198000	ENST00000381174.5		13846		uc004cqp.3			7499	dbSNP_114	178,178,178	0.0003		p.D60N	.	0		T		113.0	rs5939319;rs17325715;rs52831219;rs58059688;rs5939319	0.443	X:g.2700157G>A	ENSP00000370566:D60N;ENSP00000411004:D60N;ENSP00000398503:D60N;ENSP00000430005:D38N	protein_coding	0.431802		basic|appris_candidate|CCDS		55,576,270,1797,1601		60;60;60;38	121,3714	0.06630500301386377	N	.|||		0.607393	3775		XG_HUMAN	157	Xg blood group		XG_HUMAN;.	0.0415894	0.09041	2700157		-0.233000	0.0	SNP		CCDS14120.1		N	,,,	False	2700157	-0.9692		9	missense	T	Approved	0.142114	102.0		c.178G>A	2014-07-19	OTTHUMT00000055633.2	P55808	0.0476	1.82;1.82;1.82;1.82	XG	2700157	0.25665		0.37753	23,23,23	XG	NM_001141919.1,NM_001141920.1,NM_175569.2	protein-coding gene		D	
		G	ENSG00000124343	ENST00000381174.5		7499		ENSG00000124343		4298					,					OTTHUMG00000021075			P55808	gene with protein product		XG_ENST00000426774.1_Intron|XG_ENST00000419513.2_Intron			564,780,304,288,267	NM_175569	0.3067					+	Intron			37.0				8054981				XG-001	2006-01-12				X	+	0.4418				intron,intron,intron	12806		,,	all_cancers(21;9e-05)|all_epithelial(21;6.22e-06)|all_lung(23;0.000597)|Lung NSC(23;0.00901)|Lung SC(21;0.186)	G	SO:0001627	300879	,,		protein_coding		2203				36.1731,42.3207,38.4055		"""Blood group antigens"", ""Pseudoautosomal regions / PAR1"""	6501								KNOWN			TGGGCATGCGATGGTGGGTGG		PBDX				ENST00000381174.5:c.373+24A>G	X					endometrium(1)|large_intestine(3)|lung(3)|ovary(1)		+		,		Xp22.32	E9PCH1|Q496N8|Q496N9|Q496P0|Q71BZ5		g.chrX:2715425A>G					no		6505,4056												-0.7					0.0					hg19	Standard	0.492			4293,2433			1559,1895,1492,606,949					CCDS14120.1, CCDS48073.1	A		GG,GA,G,AA,A	AF380356	integral component of plasma membrane (GO:0005887)	41		2504		rs4484858		598				"""Xg blood group (pseudoautosomal boundary-divided on the X chromosome)"""				,,				8	NM_175569		7			ENST00000381174.5		10509		uc004cqp.3			7499	dbSNP_111	,,					0				48.0		0.587	X:g.2715425A>G		protein_coding			basic|appris_candidate|CCDS		995,1115,1188,318,682			2212,1623			.|||			3775		XG_HUMAN	2144	Xg blood group			0.567947		2715425			0.3651	SNP		CCDS14120.1			,,,	False	2715425				intron_variant		Approved		41.0			2014-07-19	OTTHUMT00000055633.2	P55808	0.572		XG	2715425				,,	XG	NM_001141919.1,NM_001141920.1,NM_175569.2	protein-coding gene			
		C	ENSG00000056998	ENST00000381163.3		8908		ENSG00000056998		4297					,					OTTHUMG00000021079		byFrequency	O15488	gene with protein product		GYG2_ENST00000542787.1_Intron|GYG2_ENST00000381161.1_Intron|GYG2_ENST00000338623.5_Intron|GYG2_ENST00000398806.3_Intron		NM_001079855.1|NM_001184702.1|NM_003918.2	1060,514,465,58,106	NM_003918	0.7198					+	Intron			49.0				9857012				GYG2-001					X	+	0.584				intron,intron,intron,intron,intron	4700		,,,,	all_cancers(21;4.28e-07)|all_epithelial(21;2.07e-08)|all_lung(23;2.81e-05)|Lung NSC(23;0.000693)|Lung SC(21;0.122)	C	SO:0001627	300198	,,,,		protein_coding		2203				0.5949,19.1917,7.3492		"""Glycosyltransferase family 8 domain containing"""	6500								KNOWN			AGCTCAAGCTGCTTCAGTTCA						ENST00000381163.3:c.7+17G>C	X					endometrium(1)|kidney(1)|large_intestine(5)|lung(5)|ovary(1)		+		,		Xp22.3	B7WNN6|O15485|O15486|O15487|O15489|O15490	"""glycogenin glucosyltransferase"""	g.chrX:2748253G>C					no		9783,776												-1.7					0.0	glycogenin glucosyltransferase activity (GO:0008466)				hg19	Standard	0.7575			6684,40		carbohydrate metabolic process (GO:0005975)|glucose metabolic process (GO:0006006)|glycogen biosynthetic process (GO:0005978)|glycogen catabolic process (GO:0005980)|small molecule metabolic process (GO:0044281)	3458,543,2324,58,117					CCDS14121.1, CCDS48074.1	G		CC,CG,C,GG,G	U94361	cytosol (GO:0005829)	57		2504		rs6642032		289								,,,,		GN-2		13	NM_001079855		2			ENST00000381163.3		11226		uc004cqs.1			8908	dbSNP_116	,,,,					0				73.0		0.642	X:g.2748253G>C		protein_coding			basic|appris_candidate_longest|CCDS		2398,29,1859,0,11			3099,736			.|||			3775		GLYG2_HUMAN	3468	glycogenin 2			0.918675		2748253			0.748	SNP		CCDS14121.1			,,,	False	2748253		2.4.1.186		intron_variant		Approved		57.0			2013-02-22	OTTHUMT00000055645.1	O15488	0.6859		GYG2	2748253				,,,,	GYG2	NM_001079855.1,NM_001184702.1,NM_001184703.1,NM_001184704.1,NM_003918.2	protein-coding gene	NP_001073324.1|NP_001171631.1|NP_003909.2		
		G	ENSG00000056998	ENST00000381163.3	0.80722	8908	N	ENSG00000056998	0.00237	4298	0.000000	0.39997	B;B;B;B;B		,	T	0.0	0	c.(937-939)cAc>cGc	OTTHUMG00000021079	-3.128000	byFrequency	O15488	gene with protein product		GYG2_ENST00000542787.1_Missense_Mutation_p.H313R|GYG2_ENST00000381161.1_3'UTR|GYG2_ENST00000338623.5_Missense_Mutation_p.H313R|GYG2_ENST00000398806.3_Missense_Mutation_p.H282R		NM_001079855.1|NM_001184702.1|NM_003918.2	213,757,220,662,351	NM_003918	0.4387			N	0.004	+	Missense_Mutation	2		46.0	O15488-6;O15488-4;O15488-3;O15488-2;O15488	0.365841		9857012			0.0;0.001;0.0;0.0;0.001	GYG2-001			0.04013		X	+	0.2141		0.43	0.000000	missense,missense,missense,missense,missense	4700	112	282/471,282/470,313/431,127/245,313/502	all_cancers(21;4.28e-07)|all_epithelial(21;2.07e-08)|all_lung(23;2.81e-05)|Lung NSC(23;0.000693)|Lung SC(21;0.122)	G	SO:0001583	300198	benign,benign,benign,benign,benign	0.4409448818897638	protein_coding		2203	P		0.000000	27.9364,36.5841,40.82	B;B;B;B;B	"""Glycosyltransferase family 8 domain containing"""	6501		0.3404:0.2843:0.1706:0.2047						KNOWN	ENST00000398806;ENST00000381163;ENST00000338623;ENST00000542787		CAGCTTTGCCACAGTGATGTG	T;T;T;T					ENST00000381163.3:c.938A>G	X		ENSG00000056998	0.00005	GYG2	endometrium(1)|kidney(1)|large_intestine(5)|lung(5)|ovary(1)	ENSP00000370555:p.His313Arg	+	0.05858	,	CAC	Xp22.3	B7WNN6|O15485|O15486|O15487|O15489|O15490	"""glycogenin glucosyltransferase"""	g.chrX:2779570A>G	H -> R (in dbSNP:rs2306735). {ECO:0000269|PubMed:15489334}.			72	yes		6250,4311	0.03702	0.00224	1.21	0.00012	ENSP00000341273:H313R			0.00357		.		-2.4	0.06522	238	0.20519	0.6878612716763006	0.0	glycogenin glucosyltransferase activity (GO:0008466)	0			hg19	Standard	0.5308	0.18	0.392	4847,1879		carbohydrate metabolic process (GO:0005975)|glucose metabolic process (GO:0006006)|glycogen biosynthetic process (GO:0005978)|glycogen catabolic process (GO:0005980)|small molecule metabolic process (GO:0044281)	1454,1760,1582,846,859	-2.339894				CCDS14121.1, CCDS48074.1	A	0.02656	GG,GA,G,AA,A	U94361	cytosol (GO:0005829)	51	0.08118	2504	-2.43	rs2306735		1220	313;313;273;282;313	280			0.00412	2789570	+	ARG/HIS,ARG/HIS,ARG/HIS,ARG/HIS,ARG/HIS	313	GN-2	1039	13	NM_001079855	0.0;0.0;0.0;0.0;0.0	9	0.5490196078431373	-4.475000	ENST00000381163.3		12661		uc004cqs.1			8908	dbSNP_100	845,845,938,380,938	0.0000		p.H313R	.	0		T		59.0	rs2306735;rs17845718;rs17858666;rs56693247;rs2306735	0.587	X:g.2779570A>G	ENSP00000381786:H282R;ENSP00000370555:H313R;ENSP00000341273:H313R;ENSP00000446092:H313R	protein_coding	0.000023		basic|appris_candidate_longest|CCDS		1241,1003,1362,184,508		282;313;313;313	1403,2432	0.6262808921036769	R	N|||		8.138680	3775		GLYG2_HUMAN	2172	glycogenin 2		.;.;.;.;GLYG2_HUMAN	0.575364	0.02368	2779570		-1.460000	0.6101	SNP		CCDS14121.1		N	,,,	False	2779570	-0.9301	2.4.1.186	9	missense	T	Approved	0.720636	51.0		c.938A>G	2013-02-22	OTTHUMT00000055645.1	O15488	0.4481	1.05;1.37;1.39;1.39	GYG2	2779570	0.00434		0.44847	29,29,29,29,29	GYG2	NM_001079855.1,NM_001184702.1,NM_001184703.1,NM_001184704.1,NM_003918.2	protein-coding gene	NP_001073324.1|NP_001171631.1|NP_003909.2	H	
		C	ENSG00000006756	ENST00000381154.1	0.80722	414	.	ENSG00000006756	0.01717	4300	0.000000	.	B		,	D	0.0	0		OTTHUMG00000021077	-1.546000	byFrequency	P51689	gene with protein product		ARSD_ENST00000217890.6_5'UTR		NM_001669.3	1191,386,523,55,48		0.4233			C	0.363	+	Intron	2		164.0	E9PAW5	0.858149		7720070			0.0	ARSD-001			0.01281		X	-	0.6732		0.03	0.010000	intron	717	141		all_cancers(21;4.28e-07)|all_epithelial(21;2.07e-08)|all_lung(23;2.81e-05)|Lung NSC(23;0.000693)|Lung SC(21;0.122)	C	SO:0001627	300002		0.6130434782608696	protein_coding		2203	P		0.000000	37.4703,14.1851,29.0164	B	"""Arylsulfatase family"""	6503		0.0:0.2211:0.4973:0.2816						KNOWN	ENST00000217890		AAGACAGCGTGTCTGCATTGT	.					ENST00000381154.1:c.1000+854C>G	X		ENSG00000006756	0.01382	ARSD	large_intestine(3)|lung(3)		-	0.05858	,	ACA	Xp22.3	Q9UHJ8		g.chrX:2832742G>C				225	no		7498,3065	0.03702	0.02340	0.993	0.00012	ENSP00000217890:T358R			.		.		-2.0	0.07457	251	0.62326	0.8422818791946308	0.0	arylsulfatase activity (GO:0004065)|metal ion binding (GO:0046872)	.			hg19	Standard	0.4245	0.78125	3.5745	4207,2521		cellular protein metabolic process (GO:0044267)|glycosphingolipid metabolic process (GO:0006687)|post-translational protein modification (GO:0043687)|small molecule metabolic process (GO:0044281)|sphingolipid metabolic process (GO:0006665)	2006,1535,1951,519,492	-0.938272				CCDS35196.1	G	0.02656	CC,CG,C,GG,G	X83572	endoplasmic reticulum lumen (GO:0005788)|extracellular vesicular exosome (GO:0070062)|lysosome (GO:0005764)	169	.	2504	-1.99	rs211648		1076	358	248			0.07929	2842742	-				1266	6	NM_001669	0.0	6	0.4542124542124542	-1.281000	ENST00000381154.1		14394		uc004cqy.3			414	dbSNP_79		0.0000			.	0		T		181.0	rs211648;rs3174469;rs52801488;rs59867411	0.423	X:g.2832742G>C	.	protein_coding	.		basic|appris_principal|CCDS		815,1149,1428,464,444		358	3291,544	0.7631103074141049	R	C|||		.	3775		ARSD_HUMAN	2815	arylsulfatase D		.	0.745695	0.01338	2832742		-2.106000	0.6845	SNP		CCDS35196.1		.	,,,	False	2832742	-1.0204		6	intron_variant	T	Approved	0.625297	169.0			2013-02-14	OTTHUMT00000055636.1	P51689	0.5677	.	ARSD	2832742	0.07245		0.22871		ARSD	NM_001669.3	protein-coding gene	NP_001660.2	T	
		A	ENSG00000157399	ENST00000381134.3		415		ENSG00000157399		4296					,				c.(1690-1692)aaC>aaT	OTTHUMG00000137358		byFrequency	P51690	gene with protein product		ARSE_ENST00000545496.1_Silent_p.N589N|ARSE_ENST00000540563.1_Silent_p.N519N		NM_000047.2	57,473,79,1102,492	NM_000047	0.5982					+	Silent			31.0				7720070				ARSE-001					X	-	0.0575				coding-synonymous	719		564/590	all_cancers(21;4.28e-07)|all_epithelial(21;2.07e-08)|all_lung(23;2.81e-05)|Lung NSC(23;0.000693)|Lung SC(21;0.122)	G	SO:0001819	300180			protein_coding		2203				37.9649,17.3664,45.8085		"""Arylsulfatase family"""	6499								KNOWN			GTCTCCAGATGTTGCCCAGCC		CDPX, CDPX1				ENST00000381134.3:c.1692C>T	X					breast(2)|central_nervous_system(1)|endometrium(2)|kidney(2)|large_intestine(2)|lung(2)|ovary(1)|pancreas(1)|prostate(2)|upper_aerodigestive_tract(1)|urinary_tract(1)		-		,		Xp22.33	Q53FT2|Q53FU8		g.chrX:2852951G>A					no		4836,5721												3.5					0.0	arylsulfatase activity (GO:0004065)|metal ion binding (GO:0046872)				hg19	Standard	0.503			4170,2552		cellular protein metabolic process (GO:0044267)|glycosphingolipid metabolic process (GO:0006687)|post-translational protein modification (GO:0043687)|skeletal system development (GO:0001501)|small molecule metabolic process (GO:0044281)|sphingolipid metabolic process (GO:0006665)	1005,1558,1268,1495,1173					CCDS14122.1, CCDS75948.1, CCDS75949.1	G		AA,AG,A,GG,G	X83573	endoplasmic reticulum lumen (GO:0005788)|extracellular vesicular exosome (GO:0070062)|Golgi apparatus (GO:0005794)	36		2504		rs11222		1758									564			17	NM_000047		11			ENST00000381134.3		12608		uc004crc.4			415	dbSNP_52	1692			p.N564N		0				43.0		0.592	X:g.2852951G>A		protein_coding			basic|appris_principal|CCDS		948,1085,1189,393,681			666,3169			G|||			3775		ARSE_HUMAN	2136	arylsulfatase E (chondrodysplasia punctata 1)			0.565828		2852951			0.6796	SNP		CCDS14122.1			,,,	False	2852951				synonymous_variant		Approved		36.0		c.1692C>T	2013-02-14	OTTHUMT00000055643.1	P51690	0.4092		ARSE	2852951					ARSE	NM_000047.2	protein-coding gene	NP_000038.2		
		T	ENSG00000157399	ENST00000381134.3	0.22424	415	L	ENSG00000157399	0.45865	4288	0.017000	0.93859	P;P;P		,	T	0.999114817	0	c.(1270-1272)Ggc>Agc	OTTHUMG00000137358	1.355000	byFrequency	P51690	gene with protein product		ARSE_ENST00000545496.1_Missense_Mutation_p.G449S|ARSE_ENST00000540563.1_Missense_Mutation_p.G379S		NM_000047.2	65,474,83,1093,484	NM_000047	0.6012			c	10.51	+	Missense_Mutation	1		55.0	F5H324;F5GYY5;P51690	0.179327		7720070			0.511;0.41;0.49	ARSE-001			0.46299		X	-	0.059		0.43	0.005000	missense	719	94	424/590	all_cancers(21;4.28e-07)|all_epithelial(21;2.07e-08)|all_lung(23;2.81e-05)|Lung NSC(23;0.000693)|Lung SC(21;0.122)	C	SO:0001583	300180	benign	0.3671875	protein_coding		2199	P		1.000000	32.9263,17.9327,49.2225	P;B;P	"""Arylsulfatase family"""	6487		0.0:1.0:0.0:0.0						KNOWN	ENST00000540563;ENST00000545496;ENST00000381134		GGCACCTCGCCGCCCGCCAGC	D;D;D	CDPX, CDPX1				ENST00000381134.3:c.1270G>A	X		ENSG00000157399	0.68198	ARSE	breast(2)|central_nervous_system(1)|endometrium(2)|kidney(2)|large_intestine(2)|lung(2)|ovary(1)|pancreas(1)|prostate(2)|upper_aerodigestive_tract(1)|urinary_tract(1)	ENSP00000370526:p.Gly424Ser	-	0.71417	,	GGC	Xp22.33	Q53FT2|Q53FU8		g.chrX:2856155C>T	G -> S (in dbSNP:rs35143646). {ECO:0000269|Ref.2}.			22	no		5191,5355	0.16124	0.24771	3.46	0.00012	ENSP00000370526:G424S			0.64402		.		3.5	0.39613	255	0.20519	0.796875	0.0	arylsulfatase activity (GO:0004065)|metal ion binding (GO:0046872)	1.78			hg19	Standard	0.5278	0.046413502109704644	14.3929	4504,2211		cellular protein metabolic process (GO:0044267)|glycosphingolipid metabolic process (GO:0006687)|post-translational protein modification (GO:0043687)|skeletal system development (GO:0001501)|small molecule metabolic process (GO:0044281)|sphingolipid metabolic process (GO:0006665)	1149,1540,1353,1370,1075	1.369388				CCDS14122.1, CCDS75948.1, CCDS75949.1	C	0.50819	TT,TC,T,CC,C	X83573	endoplasmic reticulum lumen (GO:0005788)|extracellular vesicular exosome (GO:0070062)|Golgi apparatus (GO:0005794)	54	0.56769	2504	3.46	rs35143646		1336	379;449;424	275			0.66991	2866155	-	SER/GLY	424		951	17	NM_000047	0.931;0.939;0.905	9	0.5308880308880309	0.540000	ENST00000381134.3		11186		uc004crc.4			415	dbSNP_126	1270	0.0000		p.G424S	Alkaline phosphatase-like, alpha/beta/alpha (1);Sulfatase (1);Alkaline-phosphatase-like, core domain (1);	0		T		52.0	rs35143646;rs60405351	0.602	X:g.2856155C>T	ENSP00000438198:G379S;ENSP00000441417:G449S;ENSP00000370526:G424S	protein_coding	0.000001		basic|appris_principal|CCDS		1084,1066,1270,277,591		379;449;424	687,3144	0.5732368896925859	S	C|||		0.055865	3775		ARSE_HUMAN	2169	arylsulfatase E (chondrodysplasia punctata 1)		.;.;ARSE_HUMAN	0.57457	0.72949	2856155		6.335000	0.6786	SNP		CCDS14122.1		D	,,,	False	2856155	-0.9030		9	missense	T	Approved	0.670737	54.0		c.1270G>A	2013-02-14	OTTHUMT00000055643.1	P51690	0.415	-3.3;-3.3;-3.3	ARSE	2856155	0.04900		0.48502	56	ARSE	NM_000047.2	protein-coding gene	NP_000038.2	G	
		A	ENSG00000205667	ENST00000381130.2		347527		ENSG00000205667		4300					,|,				c.(394-396)ccG>ccA	OTTHUMG00000159612		byFrequency	Q5FYA8	gene with protein product				NM_001011719.1	0,1,1,1631,570	NM_001011719	0.0|0.0					+	Silent			84.0				16174644				ARSH-001	2006-03-07				X	+	0.0|0.0				coding-synonymous	32488		132/563	all_cancers(21;9e-05)|all_epithelial(21;6.22e-06)|all_lung(23;0.000597)|Lung NSC(23;0.00901)|Lung SC(21;0.186)	G	SO:0001819	300586			protein_coding		2203				0.3716,0.0522,0.2556		"""Arylsulfatase family"""	6503								KNOWN			GTTACCACCCGCTCAACCATG						ENST00000381130.2:c.396G>A	X					breast(3)|endometrium(8)|kidney(2)|large_intestine(6)|lung(13)|skin(1)|stomach(1)		+		,|,		Xp22.33			g.chrX:2933066G>A					no		27,10536												-7.8					0.0	arylsulfatase activity (GO:0004065)|metal ion binding (GO:0046872)				hg19	Standard	0.003|0.003			25,6703		cellular protein metabolic process (GO:0044267)|glycosphingolipid metabolic process (GO:0006687)|post-translational protein modification (GO:0043687)|small molecule metabolic process (GO:0044281)|sphingolipid metabolic process (GO:0006665)	0,18,9,4042,2434					CCDS35198.1	G		AA,AG,A,GG,G	AY875940	endoplasmic reticulum lumen (GO:0005788)|integral component of membrane (GO:0016021)	88		2504|2504		rs61746890		396				"""arylsulfatase H"""					132			34	NM_001011719		4			ENST00000381130.2		15038|15038		uc011mhj.2			347527	dbSNP_129	396			p.P132P		0				97.0		0.498	X:g.2933066G>A		protein_coding			basic|appris_principal|CCDS		0,17,8,2411,1864			2,3833			G||||G|||			3775|3775		ARSH_HUMAN	3|3	arylsulfatase family, member H			0.000794702|0.000794702		2933066			0.0|0.0	SNP		CCDS35198.1			,,,|,,,	False|False	2933066				synonymous_variant		Approved		88.0		c.396G>A	2013-02-14	OTTHUMT00000356489.1	Q5FYA8	0.0|0.0		ARSH	2933066					ARSH	NM_001011719.1	protein-coding gene	NP_001011719.1		
		C	ENSG00000205667	ENST00000381130.2		347527		ENSG00000205667		4300					,				c.(949-951)Ttg>Ctg	OTTHUMG00000159612		byFrequency	Q5FYA8	gene with protein product				NM_001011719.1	613,768,332,251,239	NM_001011719	0.6022					+	Silent			47.0				16174644				ARSH-001	2006-03-07				X	+	0.4554				coding-synonymous	32488		317/563	all_cancers(21;9e-05)|all_epithelial(21;6.22e-06)|all_lung(23;0.000597)|Lung NSC(23;0.00901)|Lung SC(21;0.186)	T	SO:0001819	300586			protein_coding		2203				35.4191,39.3481,36.8456		"""Arylsulfatase family"""	6503								KNOWN			CAACCACACCTTGGTGTACTT						ENST00000381130.2:c.949T>C	X					breast(3)|endometrium(8)|kidney(2)|large_intestine(6)|lung(13)|skin(1)|stomach(1)		+		,		Xp22.33			g.chrX:2942109T>C					no		6671,3892												2.0					0.1	arylsulfatase activity (GO:0004065)|metal ion binding (GO:0046872)				hg19	Standard	0.4911			4345,2383		cellular protein metabolic process (GO:0044267)|glycosphingolipid metabolic process (GO:0006687)|post-translational protein modification (GO:0043687)|small molecule metabolic process (GO:0044281)|sphingolipid metabolic process (GO:0006665)	1611,1895,1554,554,889					CCDS35198.1	T		CC,CT,C,TT,T	AY875940	endoplasmic reticulum lumen (GO:0005788)|integral component of membrane (GO:0016021)	48		2504		rs5939407		949				"""arylsulfatase H"""					317			34	NM_001011719		6			ENST00000381130.2		8094		uc011mhj.2			347527	dbSNP_114	949			p.L317L		0				51.0		0.572	X:g.2942109T>C		protein_coding			basic|appris_principal|CCDS		998,1127,1222,303,650			2326,1509			T|||			3775		ARSH_HUMAN	2820	arylsulfatase family, member H			0.74702		2942109			0.7331	SNP		CCDS35198.1			,,,	False	2942109				synonymous_variant		Approved		48.0		c.949T>C	2013-02-14	OTTHUMT00000356489.1	Q5FYA8	0.5706		ARSH	2942109					ARSH	NM_001011719.1	protein-coding gene	NP_001011719.1		
		G	ENSG00000205667	ENST00000381130.2		347527		ENSG00000205667		4300					,					OTTHUMG00000159612		byFrequency	Q5FYA8	gene with protein product				NM_001011719.1	688,751,351,193,220	NM_001011719	0.6227					+	3'UTR			29.0				16174644				ARSH-001	2006-03-07				X	+	0.4856				near-gene-3	32488			all_cancers(21;9e-05)|all_epithelial(21;6.22e-06)|all_lung(23;0.000597)|Lung NSC(23;0.00901)|Lung SC(21;0.186)	G	SO:0001624	300586			protein_coding		2203				32.6992,35.3846,33.6741		"""Arylsulfatase family"""	6503								KNOWN			TGAGACCATGCGGACCACGTG						ENST00000381130.2:c.*8C>G	X					breast(3)|endometrium(8)|kidney(2)|large_intestine(6)|lung(13)|skin(1)|stomach(1)		+		,		Xp22.33			g.chrX:2951434C>G					no		7006,3557												0.9					0.0	arylsulfatase activity (GO:0004065)|metal ion binding (GO:0046872)				hg19	Standard	0.5089			4528,2200		cellular protein metabolic process (GO:0044267)|glycosphingolipid metabolic process (GO:0006687)|post-translational protein modification (GO:0043687)|small molecule metabolic process (GO:0044281)|sphingolipid metabolic process (GO:0006665)	1772,1841,1621,447,822					CCDS35198.1	C		GG,GC,G,CC,C	AY875940	endoplasmic reticulum lumen (GO:0005788)|integral component of membrane (GO:0016021)	34		2504		rs5939155		1697				"""arylsulfatase H"""								34	NM_001011719		0			ENST00000381130.2		14533		uc011mhj.2			347527	dbSNP_114						0				43.0		0.502	X:g.2951434C>G		protein_coding			basic|appris_principal|CCDS		1084,1090,1270,254,602			2478,1357			g|||			3775		ARSH_HUMAN	2899	arylsulfatase family, member H			0.767947		2951434			0.7341	SNP		CCDS35198.1			,,,	False	2951434				3_prime_UTR_variant		Approved		34.0			2013-02-14	OTTHUMT00000356489.1	Q5FYA8	0.5706		ARSH	2951434							protein-coding gene	NP_001011719.1		
		G	ENSG00000062096	ENST00000381127.1		416		ENSG00000062096		4300					,				c.(808-810)gaA>gaG	OTTHUMG00000021081		byFrequency	P54793	gene with protein product		ARSF_ENST00000359361.2_Silent_p.E270E|ARSF_ENST00000537104.1_Silent_p.E270E		NM_001201538.1|NM_001201539.1	989,577,419,66,152		0.6503					+	Silent			42.0				7720070				ARSF-001					X	+	0.5998				coding-synonymous,coding-synonymous,coding-synonymous	721		270/591,270/591,270/591	all_cancers(21;4.28e-07)|all_epithelial(21;2.07e-08)|all_lung(23;2.81e-05)|Lung NSC(23;0.000693)|Lung SC(21;0.122)	G	SO:0001819	300003	,,		protein_coding		2203				33.6058,22.4511,29.556		"""Arylsulfatase family"""	6503								KNOWN			TGGTGAAGGAAGCGATTTCCT						ENST00000381127.1:c.810A>G	X					NS(1)|endometrium(1)|haematopoietic_and_lymphoid_tissue(1)|kidney(2)|large_intestine(8)|lung(15)|ovary(2)|prostate(3)|skin(3)|urinary_tract(2)		+		,		Xp22.3	Q8TCC5		g.chrX:3002687A>G					no		7441,3122												1.1					0.0	arylsulfatase activity (GO:0004065)|metal ion binding (GO:0046872)				hg19	Standard	0.4811			4467,2261		cellular protein metabolic process (GO:0044267)|glycosphingolipid metabolic process (GO:0006687)|post-translational protein modification (GO:0043687)|small molecule metabolic process (GO:0044281)|sphingolipid metabolic process (GO:0006665)	2039,1693,1670,328,773					CCDS14123.1	A		GG,GA,G,AA,A	X97868	endoplasmic reticulum lumen (GO:0005788)|extracellular vesicular exosome (GO:0070062)	44		2504		rs5983003		1031								,,	270			38	NM_004042		6			ENST00000381127.1		13687		uc022brz.1			416	dbSNP_114	810,810,810			p.E270E		0				48.0		0.438	X:g.3002687A>G		protein_coding			basic|appris_principal|CCDS		1050,1116,1251,262,621			2974,861			g|||			3775		ARSF_HUMAN	2996	arylsulfatase F			0.793642		3002687			0.6935	SNP		CCDS14123.1			,,,	False	3002687				synonymous_variant		Approved		44.0		c.810A>G	2013-02-14	OTTHUMT00000055652.1	P54793	0.5533		ARSF	3002687				,,	ARSF	NM_001201538.1,NM_001201539.1,NM_004042.4	protein-coding gene	NP_001188467.1|NP_001188468.1		
		A	ENSG00000101825	ENST00000217939.6		25878		ENSG00000101825		4243					,				c.(7831-7833)gcC>gcT	OTTHUMG00000021083		byFrequency	Q9NR99	gene with protein product				NM_015419.3	1206,350,467,58,92	NM_015419	0.4847					+	Silent			18.0				12101425				MXRA5-001					X	-	0.6672				coding-synonymous	7539		2611/2829	all_lung(23;0.00031)|Lung NSC(23;0.000946)	A	SO:0001819				protein_coding		2173				35.5716,14.7346,28.0161		"""Immunoglobulin superfamily / I-set domain containing"", ""Immunoglobulin superfamily / Immunoglobulin-like domain containing"""	6416								KNOWN			GGTAGGCCCCGGCGTCCACCG						ENST00000217939.6:c.7833C>T	X	Ig-like C2-type 10.				NS(1)|biliary_tract(1)|breast(4)|central_nervous_system(3)|cervix(2)|endometrium(8)|kidney(2)|large_intestine(32)|lung(81)|ovary(6)|prostate(3)|skin(9)|stomach(3)|urinary_tract(2)		-		,		Xp22.33	Q6P1M7|Q9Y3Y8	"""adlican"""	g.chrX:3228411G>A					no		7518,2926												-8.5					0.0					hg19	Standard	0.5209			4289,2368			2235,1434,1614,359,774					CCDS14124.1	G		AA,AG,A,GG,G	AF245505	extracellular vesicular exosome (GO:0070062)	18		2504		rs1635233		7987									2611	DKFZp564I1922		157	NM_015419		7			ENST00000217939.6		10932		uc004crg.4			25878	dbSNP_89	7833			p.A2611A		0				17.0		0.607	X:g.3228411G>A		protein_coding			basic|appris_principal|CCDS		1029,1084,1147,301,682			3229,558			g|||			3775		MXRA5_HUMAN	2802	matrix-remodelling associated 5			0.742252		3228411			0.5565	SNP		CCDS14124.1			,,,	False	3228411				synonymous_variant		Approved		18.0		c.7833C>T	2013-01-29	OTTHUMT00000055655.2	Q9NR99	0.5202		MXRA5	3228411					MXRA5	NM_015419.3	protein-coding gene	NP_056234.2		
		G	ENSG00000101825	ENST00000217939.6		25878		ENSG00000101825		4292					,				c.(7351-7353)acT>acC	OTTHUMG00000021083		byFrequency	Q9NR99	gene with protein product				NM_015419.3	393,815,281,424,289	NM_015419	0.4714					+	Silent			41.0				12101425				MXRA5-001					X	-	0.357				coding-synonymous	7539		2451/2829	all_lung(23;0.00031)|Lung NSC(23;0.000946)	A	SO:0001819				protein_coding		2202				42.3958,49.0871,45.4899		"""Immunoglobulin superfamily / I-set domain containing"", ""Immunoglobulin superfamily / Immunoglobulin-like domain containing"""	6494								KNOWN			TCTCCCGCACAGTGGTGATGG						ENST00000217939.6:c.7353T>C	X	Ig-like C2-type 9.				NS(1)|biliary_tract(1)|breast(4)|central_nervous_system(3)|cervix(2)|endometrium(8)|kidney(2)|large_intestine(32)|lung(81)|ovary(6)|prostate(3)|skin(9)|stomach(3)|urinary_tract(2)		-		,		Xp22.33	Q6P1M7|Q9Y3Y8	"""adlican"""	g.chrX:3228891A>G					no		5753,4801												-7.1					0.1					hg19	Standard	0.4781			3871,2849			1199,2009,1346,852,1088					CCDS14124.1	A		GG,GA,G,AA,A	AF245505	extracellular vesicular exosome (GO:0070062)	50		2504		rs1635235		7507									2451	DKFZp564I1922		157	NM_015419		7			ENST00000217939.6		13540		uc004crg.4			25878	dbSNP_89	7353			p.T2451T		0				68.0		0.592	X:g.3228891A>G		protein_coding			basic|appris_principal|CCDS		806,1194,1065,428,799			1882,1952			a|||			3775		MXRA5_HUMAN	2307	matrix-remodelling associated 5			0.611126		3228891			0.5575	SNP		CCDS14124.1			,,,	False	3228891				synonymous_variant		Approved		50.0		c.7353T>C	2013-01-29	OTTHUMT00000055655.2	Q9NR99	0.4769		MXRA5	3228891					MXRA5	NM_015419.3	protein-coding gene	NP_056234.2		
		T	ENSG00000101825	ENST00000217939.6	0.34765	25878	N	ENSG00000101825	0.20326	4300	0.287000	0.68181	P			T	0.73316	0	c.(6664-6666)Gta>Ata	OTTHUMG00000021083	0.194000		Q9NR99	gene with protein product				NM_015419.3	0,0,1632,571	NM_015419				C	5.549	+	Missense_Mutation	1		76.0	Q9NR99	0.0		12101425			0.144	MXRA5-001			0.32342		X	-			0.24	0.004000	missense	7539	.	2222/2829	all_lung(23;0.00031)|Lung NSC(23;0.000946)	C	SO:0001583		benign	.	protein_coding		2203	D		0.882000	0.0446,0.0,0.0284	B	"""Immunoglobulin superfamily / I-set domain containing"", ""Immunoglobulin superfamily / Immunoglobulin-like domain containing"""	6503		0.0:0.6549:0.0:0.3451						KNOWN	ENST00000381114;ENST00000217939		TTTCGAGCTACGCACAGGTAA	T					ENST00000217939.6:c.6664G>A	X	Ig-like C2-type 6.	ENSG00000101825	0.10049	MXRA5	NS(1)|biliary_tract(1)|breast(4)|central_nervous_system(3)|cervix(2)|endometrium(8)|kidney(2)|large_intestine(32)|lung(81)|ovary(6)|prostate(3)|skin(9)|stomach(3)|urinary_tract(2)	ENSP00000217939:p.Val2222Ile	-	0.30256		GTA	Xp22.33	Q6P1M7|Q9Y3Y8	"""adlican"""	g.chrX:3229580C>T				.	yes		3,10560	0.24848	0.10513	4.28	0.40645	ENSP00000217939:V2222I			0.20837		.		1.5	0.22746	.	0.33141	.	0.3		0.4			hg19	Standard		.	8.0221	3,6725			0,3,4057,2443	0.286090				CCDS14124.1	C	0.41848	TT,TC,CC,C	AF245505	extracellular vesicular exosome (GO:0070062)	78	0.16307		1.47	rs139558728		6818	2222	.			0.30415	3239580	-	ILE/VAL	2222	DKFZp564I1922	.	157	NM_015419	0.763	7	.	-0.280000	ENST00000217939.6				uc004crg.4			25878	dbSNP_134	6664	0.1125		p.V2222I	Immunoglobulin I-set (1);Immunoglobulin subtype 2 (1);Immunoglobulin-like (1);Immunoglobulin-like fold (1);	0		T		83.0	.	0.463	X:g.3229580C>T	ENSP00000217939:V2222I	protein_coding	0.084773		basic|appris_principal|CCDS		0,3,2425,1872		2222	0,3835	.	I			0.247012			MXRA5_HUMAN		matrix-remodelling associated 5		MXRA5_HUMAN		0.26489	3229580		0.761000		SNP		CCDS14124.1		U			3229580	-0.9178		10	missense	T	Approved	4.46E-4	78.0		c.6664G>A	2013-01-29	OTTHUMT00000055655.2	Q9NR99		-0.31	MXRA5	3229580	0.04260		0.46624	29	MXRA5	NM_015419.3	protein-coding gene	NP_056234.2	V	
		T	ENSG00000101825	ENST00000217939.6	0.36763	25878	L	ENSG00000101825	0.46721	4300	0.677000	0.78126	B		,	T	0.11658199999999996	0	c.(5998-6000)Ggc>Agc	OTTHUMG00000021083	1.399000	byFrequency	Q9NR99	gene with protein product				NM_015419.3	783,702,406,147,165	NM_015419	0.4785			c	6.436	+	Missense_Mutation	1		43.0	Q9NR99	0.697262		12101425			0.164	MXRA5-001			0.33454		X	-	0.5386		0.56	0.217000	missense	7539	127	2000/2829	all_lung(23;0.00031)|Lung NSC(23;0.000946)	C	SO:0001583		benign	0.4810606060606061	protein_coding		2203	P		0.005000	35.4786,30.2738,33.5889	B	"""Immunoglobulin superfamily / I-set domain containing"", ""Immunoglobulin superfamily / Immunoglobulin-like domain containing"""	6503		0.0:0.7548:0.0:0.2452						KNOWN	ENST00000381114;ENST00000217939		GTGATGCGGCCCTCCACGGGG	T					ENST00000217939.6:c.5998G>A	X	Ig-like C2-type 4.	ENSG00000101825	0.68410	MXRA5	NS(1)|biliary_tract(1)|breast(4)|central_nervous_system(3)|cervix(2)|endometrium(8)|kidney(2)|large_intestine(32)|lung(81)|ovary(6)|prostate(3)|skin(9)|stomach(3)|urinary_tract(2)	ENSP00000217939:p.Gly2000Ser	-	0.15991	,	GGC	Xp22.33	Q6P1M7|Q9Y3Y8	"""adlican"""	g.chrX:3235724C>T	G -> S (in dbSNP:rs1635242). {ECO:0000269|Ref.1}.			184	yes		7015,3548	0.29947	0.12223	3.55	0.00012	ENSP00000217939:G2000S			0.20393		.		3.5	0.40652	206	0.14656	0.5885714285714285	0.7		1.16			hg19	Standard	0.5258	0.5679012345679012	6.6556	4341,2387			1803,1810,1599,447,844	0.448618				CCDS14124.1	C	0.25048	TT,TC,T,CC,C	AF245505	extracellular vesicular exosome (GO:0070062)	44	0.38649	2504	3.55	rs1635242		6152	2000	272			0.22986	3245724	-	SER/GLY	2000	DKFZp564I1922	1154	157	NM_015419	0.117	6	0.5271317829457365	0.544000	ENST00000217939.6		14459		uc004crg.4			25878	dbSNP_89	5998	0.0000		p.G2000S	Immunoglobulin I-set (1);Immunoglobulin subtype 2 (1);Immunoglobulin-like (1);Immunoglobulin-like fold (1);	0		T		46.0	rs1635242;rs52807899;rs58318664;rs1635242	0.602	X:g.3235724C>T	ENSP00000217939:G2000S	protein_coding	0.093219		basic|appris_principal|CCDS		1020,1108,1193,300,679		2000	2674,1161	0.6955997588908981	S	C|||		0.239206	3775		MXRA5_HUMAN	2623	matrix-remodelling associated 5		MXRA5_HUMAN	0.694834	0.27572	3235724		0.838000	0.5595	SNP		CCDS14124.1		U	,,,	False	3235724	-0.9187		9	missense	T	Approved	0.645214	44.0		c.5998G>A	2013-01-29	OTTHUMT00000055655.2	Q9NR99	0.5043	-1.15	MXRA5	3235724	0.24651		0.46498	56	MXRA5	NM_015419.3	protein-coding gene	NP_056234.2	G	
		G	ENSG00000101825	ENST00000217939.6		25878		ENSG00000101825		4300					,				c.(5557-5559)ccA>ccC	OTTHUMG00000021083		byFrequency	Q9NR99	gene with protein product				NM_015419.3	275,813,251,544,320	NM_015419	0.3517	Substitution - coding silent(1)				+	Silent			85.0				12101425				MXRA5-001					X	-	0.3169				coding-synonymous	7539		1853/2829	all_lung(23;0.00031)|Lung NSC(23;0.000946)	G	SO:0001819				protein_coding	stomach(1)	2203				42.94,42.086,48.3764		"""Immunoglobulin superfamily / I-set domain containing"", ""Immunoglobulin superfamily / Immunoglobulin-like domain containing"""	6503								KNOWN			TGAGGATTTGTGGCTTTTCCC						ENST00000217939.6:c.5559A>C	X	Ig-like C2-type 3.				NS(1)|biliary_tract(1)|breast(4)|central_nervous_system(3)|cervix(2)|endometrium(8)|kidney(2)|large_intestine(32)|lung(81)|ovary(6)|prostate(3)|skin(9)|stomach(3)|urinary_tract(2)		-		,		Xp22.33	Q6P1M7|Q9Y3Y8	"""adlican"""	g.chrX:3238167T>G					no		5453,5110												0.4					0.1					hg19	Standard	0.4583			3839,2889			1068,2000,1317,992,1126			p.P1853P(1)		CCDS14124.1	T		GG,GT,G,TT,T	AF245505	extracellular vesicular exosome (GO:0070062)	89		2504		rs1635245		5713									1853	DKFZp564I1922		157	NM_015419		5			ENST00000217939.6		11504		uc004crg.4			25878	dbSNP_89	5559			p.P1853P		1				98.0		0.517	X:g.3238167T>G		protein_coding			basic|appris_principal|CCDS		793,1187,1066,448,806			1614,2221			G|||			3775		MXRA5_HUMAN	1777	matrix-remodelling associated 5			0.470728		3238167			0.2728	SNP		CCDS14124.1			,,,	False	3238167				synonymous_variant		Approved		89.0		c.5559A>C	2013-01-29	OTTHUMT00000055655.2	Q9NR99	0.4006		MXRA5	3238167					MXRA5	NM_015419.3	protein-coding gene	NP_056234.2		
		A	ENSG00000101825	ENST00000217939.6	0.80722	25878	N	ENSG00000101825	0.23873	4300	0.004000	0.63096	P		,	T	0.0	0	c.(4993-4995)Cca>Tca	OTTHUMG00000021083	0.345000	byFrequency	Q9NR99	gene with protein product				NM_015419.3	139,714,175,779,396	NM_015419	0.3507	Substitution - Missense(2)		g	9.833	+	Missense_Mutation	1		158.0	Q9NR99	0.304302		12101425			0.132	MXRA5-001			0.31547		X	-	0.2118		0.08	0.040000	missense	7539	89	1665/2829	all_lung(23;0.00031)|Lung NSC(23;0.000946)	G	SO:0001583		probably-damaging	0.31338028169014087	protein_coding	stomach(2)	2203	P		0.091000	42.94,30.4302,47.3918	B	"""Immunoglobulin superfamily / I-set domain containing"", ""Immunoglobulin superfamily / Immunoglobulin-like domain containing"""	6503		0.0:0.0:0.8176:0.1824						KNOWN	ENST00000381114;ENST00000217939		GATAATCTTGGAGTTGTAAAC	T					ENST00000217939.6:c.4993C>T	X		ENSG00000101825	0.28591	MXRA5	NS(1)|biliary_tract(1)|breast(4)|central_nervous_system(3)|cervix(2)|endometrium(8)|kidney(2)|large_intestine(32)|lung(81)|ovary(6)|prostate(3)|skin(9)|stomach(3)|urinary_tract(2)	ENSP00000217939:p.Pro1665Ser	-	0.21658	,	CCA	Xp22.33	Q6P1M7|Q9Y3Y8	"""adlican"""	g.chrX:3238733G>A	P -> S (in dbSNP:rs1974522).			70	yes		5006,5557	0.12327	0.21954	3.2	0.00012	ENSP00000217939:P1665S			0.26149		.		2.3	0.28687	105	0.51188	0.23863636363636365	0.0		0.345			hg19	Standard	0.4573	0.16203703703703703	11.4118	3839,2889			932,1901,1241,1227,1202	1.188977		p.P1665S(2)		CCDS14124.1	G	0.39809	AA,AG,A,GG,G	AF245505	extracellular vesicular exosome (GO:0070062)	161	0.14661	2504	2.3	rs1974522		5147	1665	240			0.49929	3248733	-	SER/PRO	1665	DKFZp564I1922	743	157	NM_015419	0.689	5	0.43636363636363634	0.431000	ENST00000217939.6		16126		uc004crg.4			25878	dbSNP_92	4993	0.0000		p.P1665S	.	2		T		166.0	rs1974522;rs3752335;rs17335205;rs57959586;rs1974522	0.423	X:g.3238733G>A	ENSP00000217939:P1665S	protein_coding	0.026059		basic|appris_principal|CCDS		793,1187,1066,448,806		1665	1167,2668	0.4478601567209162	S	G|||		0.184807	3775		MXRA5_HUMAN	1629	matrix-remodelling associated 5		MXRA5_HUMAN	0.431523	0.33330	3238733		1.291000	0.2728	SNP		CCDS14124.1		U	,,,	False	3238733	-0.9153		9	missense	T	Approved	0.5706	161.0		c.4993C>T	2013-01-29	OTTHUMT00000055655.2	Q9NR99	0.3905	-0.02	MXRA5	3238733	0.13550		0.46965	74	MXRA5	NM_015419.3	protein-coding gene	NP_056234.2	P	
		T	ENSG00000101825	ENST00000217939.6	0.80722	25878	N	ENSG00000101825	0.09681	4300	0.127000	0.61158	B		,	T	0.0	0	c.(4180-4182)gGc>gAc	OTTHUMG00000021083	-0.241000	byFrequency	Q9NR99	gene with protein product				NM_015419.3	969,569,438,94,133	NM_015419	0.4775			t	0.001	+	Missense_Mutation	2		33.0	Q9NR99	0.767927		12101425			0.0	MXRA5-001			0.01281		X	-	0.6104		1	0.068000	missense	7539	129	1394/2829	all_lung(23;0.00031)|Lung NSC(23;0.000946)	T	SO:0001583		benign	0.49615384615384617	protein_coding		2203	P		0.001000	35.4935,23.2073,31.0329	B	"""Immunoglobulin superfamily / I-set domain containing"", ""Immunoglobulin superfamily / Immunoglobulin-like domain containing"""	6503		0.0:0.7527:0.0:0.2473						KNOWN	ENST00000381114;ENST00000217939		AACAGGTATGCCTGTCTGTAG	T					ENST00000217939.6:c.4181G>A	X		ENSG00000101825	0.04149	MXRA5	NS(1)|biliary_tract(1)|breast(4)|central_nervous_system(3)|cervix(2)|endometrium(8)|kidney(2)|large_intestine(32)|lung(81)|ovary(6)|prostate(3)|skin(9)|stomach(3)|urinary_tract(2)	ENSP00000217939:p.Gly1394Asp	-	0.12720	,	GGC	Xp22.33	Q6P1M7|Q9Y3Y8	"""adlican"""	g.chrX:3239545C>T	G -> D (in dbSNP:rs1726199). {ECO:0000269|Ref.1}.			214	yes		7285,3278	0.21898	0.00041	2.92	0.00012	ENSP00000217939:G1394D			0.17741		.		1.7	0.24217	206	0.02654	0.5885714285714285	0.1		-0.975			hg19	Standard	0.5268	0.6993464052287581	7.3365	4340,2388			1989,1676,1631,395,812	-3.030648				CCDS14124.1	C	0.02656	TT,TC,T,CC,C	AF245505	extracellular vesicular exosome (GO:0070062)	33	0.01168	2504	1.69	rs1726199		4335	1394	272			0.26613	3249545	-	ASP/GLY	1394	DKFZp564I1922	1198	157	NM_015419	0.0	5	0.5291828793774319	-0.573000	ENST00000217939.6		14108		uc004crg.4			25878	dbSNP_89	4181	0.0000		p.G1394D	.	0		T		34.0	rs1726199;rs60762451;rs1726199	0.488	X:g.3239545C>T	ENSP00000217939:G1394D	protein_coding	0.163572		basic|appris_principal|CCDS		1020,1107,1193,301,679		1394	2945,890	0.7221217600964437	D	T|||		0.413025	3775		MXRA5_HUMAN	2723	matrix-remodelling associated 5		MXRA5_HUMAN	0.721325	0.12590	3239545		-0.017000	0.5595	SNP		CCDS14124.1		N	,,,	False	3239545	-0.9427		9	missense	T	Approved	0.645065	33.0		c.4181G>A	2013-01-29	OTTHUMT00000055655.2	Q9NR99	0.5115	0.13	MXRA5	3239545	0.16541		0.42849	94	MXRA5	NM_015419.3	protein-coding gene	NP_056234.2	G	
		A	ENSG00000101825	ENST00000217939.6	0.80722	25878	N	ENSG00000101825	0.01775	4300	0.000000	0.70399	B		,	T	0.0	0	c.(3382-3384)gCa>gTa	OTTHUMG00000021083	-1.519000	byFrequency	Q9NR99	gene with protein product				NM_015419.3	552,796,339,284,232	NM_015419	0.3548			g	9.113	+	Missense_Mutation	2		88.0	Q9NR99	0.583833		12101425			0.002	MXRA5-001			0.06405		X	-	0.447		0.38	0.017000	missense	7539	93	1128/2829	all_lung(23;0.00031)|Lung NSC(23;0.000946)	-	SO:0001583		benign	0.33214285714285713	protein_coding		2203	P		0.005000	42.821,41.6167,42.3838	B	"""Immunoglobulin superfamily / I-set domain containing"", ""Immunoglobulin superfamily / Immunoglobulin-like domain containing"""	6503		0.1509:0.1155:0.6164:0.1172						KNOWN	ENST00000381114;ENST00000217939		TGTTGTTGTTGCTGTTGTGGT	T					ENST00000217939.6:c.3383C>T	X		ENSG00000101825	0.50382	MXRA5	NS(1)|biliary_tract(1)|breast(4)|central_nervous_system(3)|cervix(2)|endometrium(8)|kidney(2)|large_intestine(32)|lung(81)|ovary(6)|prostate(3)|skin(9)|stomach(3)|urinary_tract(2)	ENSP00000217939:p.Ala1128Val	-	0.15991	,	GCA	Xp22.33	Q6P1M7|Q9Y3Y8	"""adlican"""	g.chrX:3240343G>A	A -> V (in dbSNP:rs1635246). {ECO:0000269|Ref.1}.			159	yes		6086,4477	0.03702	0.19199	3.61	0.00012	ENSP00000217939:A1128V			0.12097		.		-6.3	0.02001	105	0.23302	0.23863636363636365	0.0		0.695			hg19	Standard	0.4602	0.4441340782122905	3.9428	3847,2881			1348,1984,1406,728,1037	1.007028				CCDS14124.1	G	0.06786	AA,AG,A,GG,G	AF245505	extracellular vesicular exosome (GO:0070062)	94	0.24115	2504	-6.31	rs1635246		3537	1128	242			0.09334	3250343	-	VAL/ALA	1128	DKFZp564I1922	878	157	NM_015419	0.001	5	0.4416058394160584	0.519000	ENST00000217939.6		15049		uc004crg.4			25878	dbSNP_89	3383	0.0000		p.A1128V	.	0		T		107.0	rs1635246;rs3764755;rs56693232;rs1635246	0.502	X:g.3240343G>A	ENSP00000217939:A1128V	protein_coding	0.499817		basic|appris_principal|CCDS		796,1188,1067,444,805		1128	2239,1596	0.5292344786015672	V	G|||		0.667190	3775		MXRA5_HUMAN	1964	matrix-remodelling associated 5		MXRA5_HUMAN	0.520265	0.35551	3240343		1.488000	0.2728	SNP		CCDS14124.1		N	,,,	False	3240343	-0.9626		9	missense	T	Approved	0.57179	94.0		c.3383C>T	2013-01-29	OTTHUMT00000055655.2	Q9NR99	0.415	-0.48	MXRA5	3240343	0.09413		0.39187	64	MXRA5	NM_015419.3	protein-coding gene	NP_056234.2	A	
		A	ENSG00000101825	ENST00000217939.6		25878		ENSG00000101825		4300					,				c.(2674-2676)tcC>tcT	OTTHUMG00000021083		byFrequency	Q9NR99	gene with protein product				NM_015419.3	555,795,339,282,232	NM_015419	0.3548	Substitution - coding silent(1)				+	Silent			83.0				12101425				MXRA5-001					X	-	0.4486				coding-synonymous	7539		892/2829	all_lung(23;0.00031)|Lung NSC(23;0.000946)	A	SO:0001819				protein_coding	stomach(1)	2203				42.8359,41.4863,42.3459		"""Immunoglobulin superfamily / I-set domain containing"", ""Immunoglobulin superfamily / Immunoglobulin-like domain containing"""	6503								KNOWN			CAGTCTTCTCGGAAAGGTCAT						ENST00000217939.6:c.2676C>T	X					NS(1)|biliary_tract(1)|breast(4)|central_nervous_system(3)|cervix(2)|endometrium(8)|kidney(2)|large_intestine(32)|lung(81)|ovary(6)|prostate(3)|skin(9)|stomach(3)|urinary_tract(2)		-		,		Xp22.33	Q6P1M7|Q9Y3Y8	"""adlican"""	g.chrX:3241050G>A					no		6090,4473												-5.6					0.0					hg19	Standard	0.4602			3846,2882			1351,1982,1406,727,1037			p.S892S(1)		CCDS14124.1	G		AA,AG,A,GG,G	AF245505	extracellular vesicular exosome (GO:0070062)	87		2504		rs1635247		2830									892	DKFZp564I1922		157	NM_015419		5			ENST00000217939.6		16627		uc004crg.4			25878	dbSNP_89	2676			p.S892S		1				95.0		0.483	X:g.3241050G>A		protein_coding			basic|appris_principal|CCDS		796,1187,1067,445,805			2244,1591			G|||			3775		MXRA5_HUMAN	1966	matrix-remodelling associated 5			0.520795		3241050			0.2728	SNP		CCDS14124.1			,,,	False	3241050				synonymous_variant		Approved		87.0		c.2676C>T	2013-01-29	OTTHUMT00000055655.2	Q9NR99	0.415		MXRA5	3241050					MXRA5	NM_015419.3	protein-coding gene	NP_056234.2		
		C	ENSG00000101825	ENST00000217939.6	0.80722	25878	N	ENSG00000101825	0.15241	4300	0.000000	0.61274	B		,	T	0.0	0	c.(2470-2472)Att>Gtt	OTTHUMG00000021083	0.025000	byFrequency	Q9NR99	gene with protein product				NM_015419.3	1270,329,491,33,80	NM_015419	0.4775			c	0.011	+	Missense_Mutation	1		127.0	Q9NR99	0.876141		12101425			0.0	MXRA5-001			0.01281		X	-	0.6853		1	0.001000	missense	7539	131	824/2829	all_lung(23;0.00031)|Lung NSC(23;0.000946)	C	SO:0001583		benign	0.5077519379844961	protein_coding		2203	P		0.000000	35.5083,12.3859,27.1135	B	"""Immunoglobulin superfamily / I-set domain containing"", ""Immunoglobulin superfamily / Immunoglobulin-like domain containing"""	6503		0.1281:0.4316:0.2503:0.1899						KNOWN	ENST00000381114;ENST00000217939		GGGGGAGAAATAGCAGGAAAA	T					ENST00000217939.6:c.2470A>G	X		ENSG00000101825	0.11476	MXRA5	NS(1)|biliary_tract(1)|breast(4)|central_nervous_system(3)|cervix(2)|endometrium(8)|kidney(2)|large_intestine(32)|lung(81)|ovary(6)|prostate(3)|skin(9)|stomach(3)|urinary_tract(2)	ENSP00000217939:p.Ile824Val	-	0.05858	,	ATT	Xp22.33	Q6P1M7|Q9Y3Y8	"""adlican"""	g.chrX:3241256T>C	I -> V (in dbSNP:rs5983119). {ECO:0000269|Ref.1}.			236	yes		7699,2864	0.03702	0.00687	3.63	0.00012	ENSP00000217939:I824V			0.02957		.		0.1	0.14472	206	0.02654	0.5885714285714285	0.0		0			hg19	Standard	0.5288	0.8251748251748252	2.6272	4339,2389			2289,1438,1683,333,760	-1.733413				CCDS14124.1	T	0.02656	CC,CT,C,TT,T	AF245505	extracellular vesicular exosome (GO:0070062)	128	0.08118	2504	0.0923	rs5983119		2624	824	272			0.04933	3251256	-	VAL/ILE	824	DKFZp564I1922	1233	157	NM_015419	0.0	5	0.5291828793774319	-0.252000	ENST00000217939.6		14207		uc004crg.4			25878	dbSNP_114	2470	0.0000		p.I824V	.	0		T		128.0	rs5983119;rs6420602;rs17259953;rs52798373;rs58224949;rs5983119	0.488	X:g.3241256T>C	ENSP00000217939:I824V	protein_coding	0.142505		basic|appris_principal|CCDS		1019,1109,1192,300,680		824	3360,475	0.7432188065099458	V	C|||		1.970240	3775		MXRA5_HUMAN	2831	matrix-remodelling associated 5		MXRA5_HUMAN	0.749934	0.17295	3241256		0.202000	0.5595	SNP		CCDS14124.1		N	,,,	False	3241256	-0.9483		9	missense	T	Approved	0.644917	128.0		c.2470A>G	2013-01-29	OTTHUMT00000055655.2	Q9NR99	0.5216	0.12	MXRA5	3241256	0.01503		0.41893	29	MXRA5	NM_015419.3	protein-coding gene	NP_056234.2	I	
		G	ENSG00000101825	ENST00000217939.6		25878		ENSG00000101825		4300					,				c.(2440-2442)agT>agC	OTTHUMG00000021083		byFrequency	Q9NR99	gene with protein product				NM_015419.3	247,803,237,582,334	NM_015419	0.3517	Substitution - coding silent(1)				+	Silent			151.0				12101425				MXRA5-001					X	-	0.2988				coding-synonymous	7539		814/2829	all_lung(23;0.00031)|Lung NSC(23;0.000946)	A	SO:0001819				protein_coding	stomach(1)	2203				42.9102,40.0,49.1148		"""Immunoglobulin superfamily / I-set domain containing"", ""Immunoglobulin superfamily / Immunoglobulin-like domain containing"""	6503								KNOWN			TGACTTCTAGACTCAAGGATG						ENST00000217939.6:c.2442T>C	X					NS(1)|biliary_tract(1)|breast(4)|central_nervous_system(3)|cervix(2)|endometrium(8)|kidney(2)|large_intestine(32)|lung(81)|ovary(6)|prostate(3)|skin(9)|stomach(3)|urinary_tract(2)		-		,		Xp22.33	Q6P1M7|Q9Y3Y8	"""adlican"""	g.chrX:3241284A>G					no		5375,5188												-3.6					0.0					hg19	Standard	0.4583			3841,2887			1040,1992,1303,1028,1140			p.S814S(1)		CCDS14124.1	A		GG,GA,G,AA,A	AF245505	extracellular vesicular exosome (GO:0070062)	153		2504		rs34450504|rs1635248		2596									814	DKFZp564I1922		157	NM_015419		5			ENST00000217939.6		13908		uc004crg.4			25878	dbSNP_89	2442			p.S814S		1				156.0		0.488	X:g.3241284A>G		protein_coding			basic|appris_principal|CCDS		793,1189,1066,446,806			1534,2301			A|||			3775		MXRA5_HUMAN	1752	matrix-remodelling associated 5			0.464106		3241284			0.2728	SNP		CCDS14124.1			,,,	False	3241284				synonymous_variant		Approved		153.0		c.2442T>C	2013-01-29	OTTHUMT00000055655.2	Q9NR99	0.3991		MXRA5	3241284					MXRA5	NM_015419.3	protein-coding gene	NP_056234.2		
		C	ENSG00000101825	ENST00000217939.6		25878		ENSG00000101825		4300					,				c.(2407-2409)ccA>ccG	OTTHUMG00000021083		byFrequency	Q9NR99	gene with protein product				NM_015419.3	1280,321,495,31,76	NM_015419	0.4785					+	Silent			140.0				12101425				MXRA5-001					X	-	0.6868				coding-synonymous	7539		803/2829	all_lung(23;0.00031)|Lung NSC(23;0.000946)	C	SO:0001819				protein_coding		2203				35.4637,11.9687,26.9336		"""Immunoglobulin superfamily / I-set domain containing"", ""Immunoglobulin superfamily / Immunoglobulin-like domain containing"""	6503								KNOWN			TTTTAATCAATGGGGGTACTT						ENST00000217939.6:c.2409A>G	X					NS(1)|biliary_tract(1)|breast(4)|central_nervous_system(3)|cervix(2)|endometrium(8)|kidney(2)|large_intestine(32)|lung(81)|ovary(6)|prostate(3)|skin(9)|stomach(3)|urinary_tract(2)		-		,		Xp22.33	Q6P1M7|Q9Y3Y8	"""adlican"""	g.chrX:3241317T>C					no		7718,2845												-1.1					0.0					hg19	Standard	0.5278			4342,2386			2299,1431,1689,330,754					CCDS14124.1	T		CC,CT,C,TT,T	AF245505	extracellular vesicular exosome (GO:0070062)	140		2504		rs1635249		2563									803	DKFZp564I1922		157	NM_015419		5			ENST00000217939.6		13934		uc004crg.4			25878	dbSNP_89	2409			p.P803P		0				141.0		0.473	X:g.3241317T>C		protein_coding			basic|appris_principal|CCDS		1019,1110,1194,299,678			3376,459			C|||			3775		MXRA5_HUMAN	2833	matrix-remodelling associated 5			0.750464		3241317			0.5595	SNP		CCDS14124.1			,,,	False	3241317				synonymous_variant		Approved		140.0		c.2409A>G	2013-01-29	OTTHUMT00000055655.2	Q9NR99	0.5216		MXRA5	3241317					MXRA5	NM_015419.3	protein-coding gene	NP_056234.2		
		A	ENSG00000101825	ENST00000217939.6		25878		ENSG00000101825		4300					,				c.(1933-1935)gaC>gaT	OTTHUMG00000021083		byFrequency	Q9NR99	gene with protein product				NM_015419.3	246,806,237,580,334	NM_015419	0.3517					+	Silent			96.0				12101425				MXRA5-001					X	-	0.298				coding-synonymous	7539		645/2829	all_lung(23;0.00031)|Lung NSC(23;0.000946)	A	SO:0001819				protein_coding		2203				42.9697,40.0261,49.1432		"""Immunoglobulin superfamily / I-set domain containing"", ""Immunoglobulin superfamily / Immunoglobulin-like domain containing"""	6503								KNOWN			AGTAACCACTGTCACTGACTT						ENST00000217939.6:c.1935C>T	X	Ig-like C2-type 2.				NS(1)|biliary_tract(1)|breast(4)|central_nervous_system(3)|cervix(2)|endometrium(8)|kidney(2)|large_intestine(32)|lung(81)|ovary(6)|prostate(3)|skin(9)|stomach(3)|urinary_tract(2)		-		,		Xp22.33	Q6P1M7|Q9Y3Y8	"""adlican"""	g.chrX:3241791G>A					no		5372,5191												-1.8					0.0					hg19	Standard	0.4573			3837,2891			1037,1996,1302,1027,1141					CCDS14124.1	G		AA,AG,A,GG,G	AF245505	extracellular vesicular exosome (GO:0070062)	101		2504		rs1635250		2089									645	DKFZp564I1922		157	NM_015419		5			ENST00000217939.6		16554		uc004crg.4			25878	dbSNP_89	1935			p.D645D		0				109.0		0.443	X:g.3241791G>A		protein_coding			basic|appris_principal|CCDS		791,1190,1065,447,807			1535,2300			A|||			3775		MXRA5_HUMAN	1750	matrix-remodelling associated 5			0.463576		3241791			0.2728	SNP		CCDS14124.1			,,,	False	3241791				synonymous_variant		Approved		101.0		c.1935C>T	2013-01-29	OTTHUMT00000055655.2	Q9NR99	0.3991		MXRA5	3241791					MXRA5	NM_015419.3	protein-coding gene	NP_056234.2		
